area,nome,funcao,url_perfil,siape,sigla,coordenador
Área de Engenharia Civil - ECIV,Adilson Brito de Arruda Filho,Coordenador,https://sistemas.ufrb.edu.br/sigaa/public/docente/portal.jsf?siape=1496556,1496556,ECIV,True
Área de Engenharia Civil - ECIV,Alexandra Cruz Passuello,,https://sistemas.ufrb.edu.br/sigaa/public/docente/portal.jsf?siape=2346115,2346115,ECIV,False
Área de Engenharia Civil - ECIV,Carlos Frederico Macedo Cortês,,https://sistemas.ufrb.edu.br/sigaa/public/docente/portal.jsf?siape=1742413,1742413,ECIV,False
Área de Engenharia Civil - ECIV,Cleidson Carneiro Guimarães,,https://sistemas.ufrb.edu.br/sigaa/public/docente/portal.jsf?siape=2198801,2198801,ECIV,False
Área de Engenharia Civil - ECIV,Denis Rinaldi Petrucci,,https://sistemas.ufrb.edu.br/sigaa/public/docente/portal.jsf?siape=1498027,1498027,ECIV,False
Área de Engenharia Civil - ECIV,Fernanda Nepomuceno Costa,,https://sistemas.ufrb.edu.br/sigaa/public/docente/portal.jsf?siape=1582356,1582356,ECIV,False
Área de Engenharia Civil - ECIV,Hélio Guimarães Aragão,,https://sistemas.ufrb.edu.br/sigaa/public/docente/portal.jsf?siape=1354017,1354017,ECIV,False
Área de Engenharia Civil - ECIV,José Humberto Teixeira Santos,,https://sistemas.ufrb.edu.br/sigaa/public/docente/portal.jsf?siape=1488760,1488760,ECIV,False
Área de Engenharia Civil - ECIV,Luciano de Santana Rocha,,https://sistemas.ufrb.edu.br/sigaa/public/docente/portal.jsf?siape=1620947,1620947,ECIV,False
Área de Engenharia Civil - ECIV,Manoel Leandro Araújo e Farias,,https://sistemas.ufrb.edu.br/sigaa/public/docente/portal.jsf?siape=1140977,1140977,ECIV,False
Área de Engenharia Civil - ECIV,Mário Sérgio de Souza Almeida,,https://sistemas.ufrb.edu.br/sigaa/public/docente/portal.jsf?siape=2546731,2546731,ECIV,False
Área de Engenharia Civil - ECIV,Ray Calazans dos Santos Silva,,https://sistemas.ufrb.edu.br/sigaa/public/docente/portal.jsf?siape=3333590,3333590,ECIV,False
Área de Engenharia Civil - ECIV,Renê Medeiros de Souza,,https://sistemas.ufrb.edu.br/sigaa/public/docente/portal.jsf?siape=1614852,1614852,ECIV,False
Área de Engenharia Civil - ECIV,Sérgio Santos de Jesus,,https://sistemas.ufrb.edu.br/sigaa/public/docente/portal.jsf?siape=2274142,2274142,ECIV,False
Área de Engenharia Civil - ECIV,Weiner Gustavo Silva Costa,,https://sistemas.ufrb.edu.br/sigaa/public/docente/portal.jsf?siape=2277017,2277017,ECIV,False
Área de Física - AFIS,Aldo Alfonso Raul Valcarce Bravo,,https://sistemas.ufrb.edu.br/sigaa/public/docente/portal.jsf?siape=3547470,3547470,AFIS,False
Área de Física - AFIS,André Luiz Moura Britto,,https://sistemas.ufrb.edu.br/sigaa/public/docente/portal.jsf?siape=3106632,3106632,AFIS,False
Área de Física - AFIS,Ariston de Lima Cardoso,,https://sistemas.ufrb.edu.br/sigaa/public/docente/portal.jsf?siape=1509755,1509755,AFIS,False
Área de Física - AFIS,Balbino José da Silva Pomponet Filho,,https://sistemas.ufrb.edu.br/sigaa/public/docente/portal.jsf?siape=1443405,1443405,AFIS,False
Área de Física - AFIS,Edwin Hobi Júnior,,https://sistemas.ufrb.edu.br/sigaa/public/docente/portal.jsf?siape=2142184,2142184,AFIS,False
Área de Física - AFIS,Genilson Ribeiro de Melo,,https://sistemas.ufrb.edu.br/sigaa/public/docente/portal.jsf?siape=1413717,1413717,AFIS,False
Área de Física - AFIS,Jerre Cristiano Alves dos Santos,,https://sistemas.ufrb.edu.br/sigaa/public/docente/portal.jsf?siape=2393675,2393675,AFIS,False
Área de Física - AFIS,Jilvan Lemos de Melo,,https://sistemas.ufrb.edu.br/sigaa/public/docente/portal.jsf?siape=1878419,1878419,AFIS,False
Área de Física - AFIS,João Cláudio Costa Pereira,,https://sistemas.ufrb.edu.br/sigaa/public/docente/portal.jsf?siape=1645120,1645120,AFIS,False
Área de Física - AFIS,Juliano Pereira Campos,Suplente da Coordenação,https://sistemas.ufrb.edu.br/sigaa/public/docente/portal.jsf?siape=1579172,1579172,AFIS,False
Área de Física - AFIS,Karina Araújo Kodel,,https://sistemas.ufrb.edu.br/sigaa/public/docente/portal.jsf?siape=1526832,1526832,AFIS,False
Área de Física - AFIS,Leandro Cerqueira Santos,,https://sistemas.ufrb.edu.br/sigaa/public/docente/portal.jsf?siape=1552145,1552145,AFIS,False
Área de Física - AFIS,Luis Alex Huahuachampi Mamani,,https://sistemas.ufrb.edu.br/sigaa/public/docente/portal.jsf?siape=3303827,3303827,AFIS,False
Área de Física - AFIS,Manassés Almeida Gomes,,https://sistemas.ufrb.edu.br/sigaa/public/docente/portal.jsf?siape=1396075,1396075,AFIS,False
Área de Física - AFIS,Pablo Pedreira Pedra,,https://sistemas.ufrb.edu.br/sigaa/public/docente/portal.jsf?siape=2026646,2026646,AFIS,False
Área de Física - AFIS,Rogelma Maria da Silva Ferreira,,https://sistemas.ufrb.edu.br/sigaa/public/docente/portal.jsf?siape=2112769,2112769,AFIS,False
Área de Física - AFIS,Sânzia Alves do Nascimento,Coordenadora,https://sistemas.ufrb.edu.br/sigaa/public/docente/portal.jsf?siape=2343702,2343702,AFIS,True
Área de Geociências - AGEO,Cláudia Bloisi Vaz Sampaio,,https://sistemas.ufrb.edu.br/sigaa/public/docente/portal.jsf?siape=287857,287857,AGEO,False
Área de Geociências - AGEO,Danívio Batista Carvalho de Vasconcellos,Coordenador,https://sistemas.ufrb.edu.br/sigaa/public/docente/portal.jsf?siape=1361885,1361885,AGEO,True
Área de Geociências - AGEO,Euzelina dos Santos Borges Inácio,Suplente da Coordenação,https://sistemas.ufrb.edu.br/sigaa/public/docente/portal.jsf?siape=1846617,1846617,AGEO,False
Área de Geociências - AGEO,Fabricio de Jesus Ribeiro,,https://sistemas.ufrb.edu.br/sigaa/public/docente/portal.jsf?siape=1895857,1895857,AGEO,False
Área de Geociências - AGEO,Joanito de Andrade Oliveira,,https://sistemas.ufrb.edu.br/sigaa/public/docente/portal.jsf?siape=1553844,1553844,AGEO,False
Área de Geociências - AGEO,José Ricardo Gonçalves Magalhães,,https://sistemas.ufrb.edu.br/sigaa/public/docente/portal.jsf?siape=2316980,2316980,AGEO,False
Área de Geociências - AGEO,José Roberto Fernandes Galindo,,https://sistemas.ufrb.edu.br/sigaa/public/docente/portal.jsf?siape=1800523,1800523,AGEO,False
Área de Geociências - AGEO,Thomas Vincent Gloaguen,,https://sistemas.ufrb.edu.br/sigaa/public/docente/portal.jsf?siape=1675745,1675745,AGEO,False
Área de Matemática e Estatística - AME,Adilson Gomes dos Santos,,https://sistemas.ufrb.edu.br/sigaa/public/docente/portal.jsf?siape=1846601,1846601,AME,False
Área de Matemática e Estatística - AME,Adson Mota Rocha,,https://sistemas.ufrb.edu.br/sigaa/public/docente/portal.jsf?siape=1364750,1364750,AME,False
Área de Matemática e Estatística - AME,Alex Santana dos Santos,,https://sistemas.ufrb.edu.br/sigaa/public/docente/portal.jsf?siape=1697397,1697397,AME,False
Área de Matemática e Estatística - AME,Anderson Reis da Cruz,,https://sistemas.ufrb.edu.br/sigaa/public/docente/portal.jsf?siape=1331542,1331542,AME,False
Área de Matemática e Estatística - AME,Andrêssa Lima de Souza,,https://sistemas.ufrb.edu.br/sigaa/public/docente/portal.jsf?siape=1264609,1264609,AME,False
Área de Matemática e Estatística - AME,Antonio Andrade do Espirito Santo,,https://sistemas.ufrb.edu.br/sigaa/public/docente/portal.jsf?siape=1465462,1465462,AME,False
Área de Matemática e Estatística - AME,Carlos Henrique Felício Poncio,,https://sistemas.ufrb.edu.br/sigaa/public/docente/portal.jsf?siape=1233114,1233114,AME,False
Área de Matemática e Estatística - AME,Celso Luiz Borges de Oliveira,,https://sistemas.ufrb.edu.br/sigaa/public/docente/portal.jsf?siape=285053,285053,AME,False
Área de Matemática e Estatística - AME,Danilo de Jesus Ferreira,,https://sistemas.ufrb.edu.br/sigaa/public/docente/portal.jsf?siape=2999111,2999111,AME,False
Área de Matemática e Estatística - AME,Elaine Ferreira Rocha,,https://sistemas.ufrb.edu.br/sigaa/public/docente/portal.jsf?siape=1391346,1391346,AME,False
Área de Matemática e Estatística - AME,Eleazar Gerardo Madriz Lozada,,https://sistemas.ufrb.edu.br/sigaa/public/docente/portal.jsf?siape=1716267,1716267,AME,False
Área de Matemática e Estatística - AME,Eniel do Espírito Santo,,https://sistemas.ufrb.edu.br/sigaa/public/docente/portal.jsf?siape=3001818,3001818,AME,False
Área de Matemática e Estatística - AME,Erikson Alexandre Fonseca dos Santos,,https://sistemas.ufrb.edu.br/sigaa/public/docente/portal.jsf?siape=1546481,1546481,AME,False
Área de Matemática e Estatística - AME,Gilberto da Silva Pina,,https://sistemas.ufrb.edu.br/sigaa/public/docente/portal.jsf?siape=1516938,1516938,AME,False
Área de Matemática e Estatística - AME,Givanildo Donizeti de Melo,,https://sistemas.ufrb.edu.br/sigaa/public/docente/portal.jsf?siape=1139149,1139149,AME,False
Área de Matemática e Estatística - AME,João Tiago Assunção Gomes,,https://sistemas.ufrb.edu.br/sigaa/public/docente/portal.jsf?siape=1393030,1393030,AME,False
Área de Matemática e Estatística - AME,Julianna Pinele Santos Porto,,https://sistemas.ufrb.edu.br/sigaa/public/docente/portal.jsf?siape=3002387,3002387,AME,False
Área de Matemática e Estatística - AME,Junilson Cerqueira da Silva,,https://sistemas.ufrb.edu.br/sigaa/public/docente/portal.jsf?siape=1156418,1156418,AME,False
Área de Matemática e Estatística - AME,Lívia Menezes da Paz,,https://sistemas.ufrb.edu.br/sigaa/public/docente/portal.jsf?siape=1333440,1333440,AME,False
Área de Matemática e Estatística - AME,Luiz Alberto de Oliveira Silva,,https://sistemas.ufrb.edu.br/sigaa/public/docente/portal.jsf?siape=2274145,2274145,AME,False
Área de Matemática e Estatística - AME,Maria Amelia de Pinho Barbosa Hohlenwerger,,https://sistemas.ufrb.edu.br/sigaa/public/docente/portal.jsf?siape=1314049,1314049,AME,False
Área de Matemática e Estatística - AME,Mariese Conceição Alves dos Santos,,https://sistemas.ufrb.edu.br/sigaa/public/docente/portal.jsf?siape=1650641,1650641,AME,False
Área de Matemática e Estatística - AME,Marília Conceição de Souza Caceres,,https://sistemas.ufrb.edu.br/sigaa/public/docente/portal.jsf?siape=2554371,2554371,AME,False
Área de Matemática e Estatística - AME,Nayane Carvalho Freitas,Coordenadora,https://sistemas.ufrb.edu.br/sigaa/public/docente/portal.jsf?siape=1210326,1210326,AME,True
Área de Matemática e Estatística - AME,Paulo Henrique Ribeiro do Nascimento,,https://sistemas.ufrb.edu.br/sigaa/public/docente/portal.jsf?siape=1441842,1441842,AME,False
Área de Matemática e Estatística - AME,Pollyane Vieira da Silva,,https://sistemas.ufrb.edu.br/sigaa/public/docente/portal.jsf?siape=1204480,1204480,AME,False
Área de Matemática e Estatística - AME,Rodrigo Aguiar von Flach,,https://sistemas.ufrb.edu.br/sigaa/public/docente/portal.jsf?siape=2346102,2346102,AME,False
Área de Matemática e Estatística - AME,Sandra Maria Conceição Pinheiro,,https://sistemas.ufrb.edu.br/sigaa/public/docente/portal.jsf?siape=1243481,1243481,AME,False
Área de Matemática e Estatística - AME,Sílvia Patrícia Barreto Santana,,https://sistemas.ufrb.edu.br/sigaa/public/docente/portal.jsf?siape=1325194,1325194,AME,False
Área de Química e Bioquímica - AQBQ,André Dias de Azevedo Neto,,https://sistemas.ufrb.edu.br/sigaa/public/docente/portal.jsf?siape=1007053,1007053,AQBQ,False
Área de Química e Bioquímica - AQBQ,Andréia da Silva Magaton,,https://sistemas.ufrb.edu.br/sigaa/public/docente/portal.jsf?siape=2742043,2742043,AQBQ,False
Área de Química e Bioquímica - AQBQ,Antônio Augusto Oliveira Fonseca,,https://sistemas.ufrb.edu.br/sigaa/public/docente/portal.jsf?siape=286708,286708,AQBQ,False
Área de Química e Bioquímica - AQBQ,Carlos Borges Filho,,http://lattes.cnpq.br/8122733865747113,,AQBQ,False
Área de Química e Bioquímica - AQBQ,Clarivaldo Santos de Sousa,,https://sistemas.ufrb.edu.br/sigaa/public/docente/portal.jsf?siape=1719311,1719311,AQBQ,False
Área de Química e Bioquímica - AQBQ,Daniele de Vasconcellos Santos Batista,,https://sistemas.ufrb.edu.br/sigaa/public/docente/portal.jsf?siape=3002985,3002985,AQBQ,False
Área de Química e Bioquímica - AQBQ,Francisco de Souza Fadigas,,https://sistemas.ufrb.edu.br/sigaa/public/docente/portal.jsf?siape=287824,287824,AQBQ,False
Área de Química e Bioquímica - AQBQ,Gabriela Lúcia Pinheiro,,https://sistemas.ufrb.edu.br/sigaa/public/docente/portal.jsf?siape=2323909,2323909,AQBQ,False
Área de Química e Bioquímica - AQBQ,Gilmara Fernandes Eça,,https://sistemas.ufrb.edu.br/sigaa/public/docente/portal.jsf?siape=1156395,1156395,AQBQ,False
Área de Química e Bioquímica - AQBQ,Manuela Oliveira de Souza,,https://sistemas.ufrb.edu.br/sigaa/public/docente/portal.jsf?siape=1514190,1514190,AQBQ,False
Área de Química e Bioquímica - AQBQ,Márcia Luciana Cazetta,,https://sistemas.ufrb.edu.br/sigaa/public/docente/portal.jsf?siape=1554838,1554838,AQBQ,False
Área de Química e Bioquímica - AQBQ,Sivanildo da Silva Borges,Coordenador,https://sistemas.ufrb.edu.br/sigaa/public/docente/portal.jsf?siape=1551411,1551411,AQBQ,True
Área de Química e Bioquímica - AQBQ,Vinicius Santos Da Silva,,https://sistemas.ufrb.edu.br/sigaa/public/docente/portal.jsf?siape=1057244,1057244,AQBQ,False
Área de Sistemas Elétricos e Computacionais - SECOMP,Adriano Humberto de Oliveira Maia,,https://sistemas.ufrb.edu.br/sigaa/public/docente/portal.jsf?siape=1475778,1475778,SECOMP,False
Área de Sistemas Elétricos e Computacionais - SECOMP,Acbal Rucas Andrade Achy,,https://sistemas.ufrb.edu.br/sigaa/public/docente/portal.jsf?siape=1932340,1932340,SECOMP,False
Área de Sistemas Elétricos e Computacionais - SECOMP,Basílio Fernandez Fernandez,,https://sistemas.ufrb.edu.br/sigaa/public/docente/portal.jsf?siape=1305928,1305928,SECOMP,False
Área de Sistemas Elétricos e Computacionais - SECOMP,Caio Marco dos Santos Junqueira,,https://sistemas.ufrb.edu.br/sigaa/public/docente/portal.jsf?siape=1130501,1130501,SECOMP,False
Área de Sistemas Elétricos e Computacionais - SECOMP,Camila Bezerra da Silva,,https://sistemas.ufrb.edu.br/sigaa/public/docente/portal.jsf?siape=1821612,1821612,SECOMP,False
Área de Sistemas Elétricos e Computacionais - SECOMP,Carolina Moreno Salcedo,Suplente da Coordenação,https://sistemas.ufrb.edu.br/sigaa/public/docente/portal.jsf?siape=2126500,2126500,SECOMP,False
Área de Sistemas Elétricos e Computacionais - SECOMP,Gildeberto de Souza Cardoso,,https://sistemas.ufrb.edu.br/sigaa/public/docente/portal.jsf?siape=2672157,2672157,SECOMP,False
Área de Sistemas Elétricos e Computacionais - SECOMP,Guilherme Braga Araújo,Coordenador,https://sistemas.ufrb.edu.br/sigaa/public/docente/portal.jsf?siape=1180644,1180644,SECOMP,True
Área de Sistemas Elétricos e Computacionais - SECOMP,Igor Dantas dos Santos Miranda,,https://sistemas.ufrb.edu.br/sigaa/public/docente/portal.jsf?siape=1583908,1583908,SECOMP,False
Área de Sistemas Elétricos e Computacionais - SECOMP,João Carlos Nunes Bittencourt,,https://sistemas.ufrb.edu.br/sigaa/public/docente/portal.jsf?siape=2391071,2391071,SECOMP,False
Área de Sistemas Elétricos e Computacionais - SECOMP,Joaquim Jorge Martins Galo,,https://sistemas.ufrb.edu.br/sigaa/public/docente/portal.jsf?siape=1659244,1659244,SECOMP,False
Área de Sistemas Elétricos e Computacionais - SECOMP,José Hidalgo Suárez,,https://sistemas.ufrb.edu.br/sigaa/public/docente/portal.jsf?siape=3550697,3550697,SECOMP,False
Área de Sistemas Elétricos e Computacionais - SECOMP,José Valentim dos Santos Filho,,https://sistemas.ufrb.edu.br/sigaa/public/docente/portal.jsf?siape=1546644,1546644,SECOMP,False
Área de Sistemas Elétricos e Computacionais - SECOMP,Leonardo da Silva Lessa,,https://sistemas.ufrb.edu.br/sigaa/public/docente/portal.jsf?siape=3550710,3550710,SECOMP,False
Área de Sistemas Elétricos e Computacionais - SECOMP,Luan Aleixo Canário Mendonça,,https://sistemas.ufrb.edu.br/sigaa/public/docente/portal.jsf?siape=3547258,3547258,SECOMP,False
Área de Sistemas Elétricos e Computacionais - SECOMP,Luiz Carlos Simões Soares Júnior,,https://sistemas.ufrb.edu.br/sigaa/public/docente/portal.jsf?siape=1685613,1685613,SECOMP,False
Área de Sistemas Elétricos e Computacionais - SECOMP,Moisés Araújo Oliveira,,https://sistemas.ufrb.edu.br/sigaa/public/docente/portal.jsf?siape=1681032,1681032,SECOMP,False
Área de Sistemas Elétricos e Computacionais - SECOMP,Nilton Cardoso da Silva,,https://sistemas.ufrb.edu.br/sigaa/public/docente/portal.jsf?siape=1289479,1289479,SECOMP,False
Área de Sistemas Elétricos e Computacionais - SECOMP,Paulo Fábio Figueiredo Rocha,,https://sistemas.ufrb.edu.br/sigaa/public/docente/portal.jsf?siape=1040716,1040716,SECOMP,False
Área de Sistemas Elétricos e Computacionais - SECOMP,Talison Augusto Correia de Melo,,https://sistemas.ufrb.edu.br/sigaa/public/docente/portal.jsf?siape=2008840,2008840,SECOMP,False
Área de Sistemas Elétricos e Computacionais - SECOMP,Tassio Ferreira Valle,,https://sistemas.ufrb.edu.br/sigaa/public/docente/portal.jsf?siape=2126496,2126496,SECOMP,False
Área de Sistemas Elétricos e Computacionais - SECOMP,Tiago Palma Pagano,,https://sistemas.ufrb.edu.br/sigaa/public/docente/portal.jsf?siape=2872407,2872407,SECOMP,False
Área de Sistemas Mecânicos - SIMEC,Abdon Tapia Tadeo,,https://sistemas.ufrb.edu.br/sigaa/public/docente/portal.jsf?siape=1523581,1523581,SIMEC,False
Área de Sistemas Mecânicos - SIMEC,Carlos Alberto Tosta Machado,,https://sistemas.ufrb.edu.br/sigaa/public/docente/portal.jsf?siape=2197309,2197309,SIMEC,False
Área de Sistemas Mecânicos - SIMEC,Carlos Marlon Silva Santos,,https://sistemas.ufrb.edu.br/sigaa/public/docente/portal.jsf?siape=1141522,1141522,SIMEC,False
Área de Sistemas Mecânicos - SIMEC,Edilberto Andrade Silva,,https://sistemas.ufrb.edu.br/sigaa/public/docente/portal.jsf?siape=1032494,1032494,SIMEC,False
Área de Sistemas Mecânicos - SIMEC,Felipe Andrade Torres,Coordenador,https://sistemas.ufrb.edu.br/sigaa/public/docente/portal.jsf?siape=2190636,2190636,SIMEC,True
Área de Sistemas Mecânicos - SIMEC,Gilmar Emanoel Silva de Oliveira,,https://sistemas.ufrb.edu.br/sigaa/public/docente/portal.jsf?siape=2277015,2277015,SIMEC,False
Área de Sistemas Mecânicos - SIMEC,Ivanoé João Rodowanski,,https://sistemas.ufrb.edu.br/sigaa/public/docente/portal.jsf?siape=2277028,2277028,SIMEC,False
Área de Sistemas Mecânicos - SIMEC,Janailson Oliveira Cavalcanti,,https://sistemas.ufrb.edu.br/sigaa/public/docente/portal.jsf?siape=2075385,2075385,SIMEC,False
Área de Sistemas Mecânicos - SIMEC,Jânia Betânia Alves da Silva,,https://sistemas.ufrb.edu.br/sigaa/public/docente/portal.jsf?siape=2072268,2072268,SIMEC,False
Área de Sistemas Mecânicos - SIMEC,Leonardo Rafael Teixeira Cotrim Gomes,,https://sistemas.ufrb.edu.br/sigaa/public/docente/portal.jsf?siape=1932170,1932170,SIMEC,False
Área de Sistemas Mecânicos - SIMEC,Marcus Vinícius Ivo da Silva,,https://sistemas.ufrb.edu.br/sigaa/public/docente/portal.jsf?siape=1754692,1754692,SIMEC,False
Área de Sistemas Mecânicos - SIMEC,Vânio Vicente Santos de Souza,,https://sistemas.ufrb.edu.br/sigaa/public/docente/portal.jsf?siape=1503701,1503701,SIMEC,False
Área de Tecnologia Ambiental - ATAM,Alessandra Cristina Silva Valentim,,https://sistemas.ufrb.edu.br/sigaa/public/docente/portal.jsf?siape=1716039,1716039,ATAM,False
Área de Tecnologia Ambiental - ATAM,Anaxsandra da Costa Lima Duarte,,https://sistemas.ufrb.edu.br/sigaa/public/docente/portal.jsf?siape=1566611,1566611,ATAM,False
Área de Tecnologia Ambiental - ATAM,Camila Angélica Baum,,https://sistemas.ufrb.edu.br/sigaa/public/docente/portal.jsf?siape=1339147,1339147,ATAM,False
Área de Tecnologia Ambiental - ATAM,Cássia Juliana Fernandes Torres,,https://sistemas.ufrb.edu.br/sigaa/public/docente/portal.jsf?siape=3334085,3334085,ATAM,False
Área de Tecnologia Ambiental - ATAM,Diego Lima Medeiros,,https://sistemas.ufrb.edu.br/sigaa/public/docente/portal.jsf?siape=1104575,1104575,ATAM,False
Área de Tecnologia Ambiental - ATAM,Gabriella Laura Peixoto Botelho,Coordenadora,https://sistemas.ufrb.edu.br/sigaa/public/docente/portal.jsf?siape=2190647,2190647,ATAM,True
Área de Tecnologia Ambiental - ATAM,Heber Christiane Antunes Franca,,https://sistemas.ufrb.edu.br/sigaa/public/docente/portal.jsf?siape=1551049,1551049,ATAM,False
Área de Tecnologia Ambiental - ATAM,Jaildo Santos Pereira,,https://sistemas.ufrb.edu.br/sigaa/public/docente/portal.jsf?siape=1716487,1716487,ATAM,False
Área de Tecnologia Ambiental - ATAM,Lidiane Mendes Kruschewsky Lordelo,,https://sistemas.ufrb.edu.br/sigaa/public/docente/portal.jsf?siape=1752002,1752002,ATAM,False
Área de Tecnologia Ambiental - ATAM,Roberta Alessandra Bruschi Goncalves Gloaguen,,https://sistemas.ufrb.edu.br/sigaa/public/docente/portal.jsf?siape=2582584,2582584,ATAM,False
Área de Tecnologia Ambiental - ATAM,Rosa Alencar Santana de Almeida,,https://sistemas.ufrb.edu.br/sigaa/public/docente/portal.jsf?siape=1719181,1719181,ATAM,False
Área de Tecnologia Ambiental - ATAM,Selma Cristina da Silva,,https://sistemas.ufrb.edu.br/sigaa/public/docente/portal.jsf?siape=1697425,1697425,ATAM,False
Docentes Substitutos,Aline de Oliveira Moreira,,https://sistemas.ufrb.edu.br/sigaa/public/docente/portal.jsf?siape=1226415,1226415,SUBST,False
Docentes Substitutos,Filipe Luigi Dantas Lima Santos,,https://sistemas.ufrb.edu.br/sigaa/public/docente/portal.jsf?siape=1364018,1364018,SUBST,False
Docentes Substitutos,Flávio Silva Santos,,https://sistemas.ufrb.edu.br/sigaa/public/docente/portal.jsf?siape=3544924,3544924,SUBST,False
Docentes Substitutos,Gislana Santana Machado,,https://sistemas.ufrb.edu.br/sigaa/public/docente/portal.jsf?siape=3544932,3544932,SUBST,False
Docentes Substitutos,Inacio Oliveira Borges,,https://sistemas.ufrb.edu.br/sigaa/public/docente/portal.jsf?siape=3499815,3499815,SUBST,False
Docentes Substitutos,Silvio de Cerqueira Mazza,,https://sistemas.ufrb.edu.br/sigaa/public/docente/portal.jsf?siape=1344143,1344143,SUBST,False
Docentes Substitutos,Thamara Vier Vieira,,https://sistemas.ufrb.edu.br/sigaa/public/docente/portal.jsf?siape=1160915,1160915,SUBST,False
Docentes Substitutos,Tassio Gabriel Ribeiro Lopes,,https://sistemas.ufrb.edu.br/sigaa/public/docente/portal.jsf?siape=3544936,3544936,SUBST,False
