docente_id,nome,status,nome_openalex,openalex_id,na_ufrb,nome_inteiro,publicacoes,instituicao
1,Adilson Brito de Arruda Filho,vinculado,Adilson Brito de Arruda Filho,A5058154053,1.0,1.0,5.0,Universidade Federal do Recôncavo da Bahia
1,Adilson Brito de Arruda Filho,vinculado,Adilson Brito (2) Arruda Filho,A5137901249,1.0,1.0,2.0,Universidade Federal do Recôncavo da Bahia
1,Adilson Brito de Arruda Filho,vinculado,ADILSON BRITO DE ARRUDA FILHO,A5070351438,0.0,1.0,1.0,
1,Adilson Brito de Arruda Filho,vinculado,Adilson Brito de Arruda Filho,A5115878927,1.0,1.0,1.0,Universidade Federal da Bahia
1,Adilson Brito de Arruda Filho,vinculado,Adilson Brito de Arruda Filho,A5122517358,0.0,1.0,1.0,
2,Alexandra Cruz Passuello,vinculado,Alexandra Passuello,A5060285806,1.0,0.0,16.0,Universidade Federal do Recôncavo da Bahia
3,Carlos Frederico Macedo Cortês,vinculado,Carlos Frederico Macêdo Cortês,A5111307631,0.0,1.0,3.0,
4,Cleidson Carneiro Guimarães,vinculado,Cleidson Carneiro Guimarães,A5043979735,1.0,1.0,16.0,Universidade Federal da Bahia
5,Denis Rinaldi Petrucci,vinculado,Denis R. Petrucci,A5032103322,1.0,1.0,2.0,Universidade Federal do Recôncavo da Bahia
6,Fernanda Nepomuceno Costa,vinculado,Fernanda Nepomuceno Costa,A5067645332,1.0,1.0,31.0,Universidade Federal do Recôncavo da Bahia
7,Hélio Guimarães Aragão,vinculado,Helio Guimarães Aragão,A5040293384,1.0,1.0,3.0,Universidade Federal do Recôncavo da Bahia
8,José Humberto Teixeira Santos,vinculado,José Humberto Teixeira Santos,A5050874694,1.0,1.0,10.0,Universidade Federal do Recôncavo da Bahia
8,José Humberto Teixeira Santos,vinculado,José Humberto Teixeira dos Santos,A5002735008,0.0,1.0,2.0,
8,José Humberto Teixeira Santos,vinculado,Jose Humberto Teixeira Santos,A5031078961,0.0,1.0,2.0,
9,Luciano de Santana Rocha,não encontrado,,,,,,
10,Manoel Leandro Araújo e Farias,vinculado,Manoel Leandro Araújo e Farias,A5075575523,0.0,1.0,15.0,Universidade Federal de Campina Grande
11,Mário Sérgio de Souza Almeida,vinculado,Mario Sérgio de Souza Almeida,A5078523872,1.0,1.0,66.0,Universidade Federal da Bahia
12,Ray Calazans dos Santos Silva,vinculado,Ray Calazans dos Santos Silva,A5090957343,0.0,1.0,6.0,Coordenação de Aperfeicoamento de Pessoal de Nível Superior
12,Ray Calazans dos Santos Silva,vinculado,Ray Calazans dos Santos Silva,A5122524185,0.0,1.0,2.0,
13,Renê Medeiros de Souza,vinculado,Renê Medeiros de. Souza,A5027223011,0.0,1.0,2.0,
13,Renê Medeiros de Souza,vinculado,Renê Medeiros de Souza,A5143765460,1.0,1.0,1.0,Universidade Federal do Recôncavo da Bahia
14,Sérgio Santos de Jesus,rejeitado,Sérgio S. de Jesus,A5109855598,0.0,1.0,23.0,Universidade Federal do ABC
15,Weiner Gustavo Silva Costa,vinculado,Weiner Gustavo Silva Costa,A5066372047,1.0,1.0,60.0,Universidade Federal do Recôncavo da Bahia
16,Aldo Alfonso Raul Valcarce Bravo,vinculado,A. A. R. Valcarce,A5040528710,0.0,0.0,47.0,
17,André Luiz Moura Britto,vinculado,A. L. M. Britto,A5028025508,1.0,1.0,14.0,Universidade Federal da Bahia
18,Ariston de Lima Cardoso,vinculado,Ariston de Lima Cardoso,A5021448818,1.0,1.0,28.0,Universidade Federal da Bahia
18,Ariston de Lima Cardoso,vinculado,Ariston Lima Cardoso,A5053718346,1.0,1.0,6.0,Universidade Federal do Recôncavo da Bahia
19,Balbino José da Silva Pomponet Filho,vinculado,Balbino José da Silva Pomponet Filho,A5133957559,0.0,1.0,3.0,
20,Edwin Hobi Júnior,vinculado,Edwin Hobi,A5029265458,1.0,1.0,12.0,Universidade Federal do Recôncavo da Bahia
21,Genilson Ribeiro de Melo,vinculado,G R de Melo,A5064860710,1.0,1.0,12.0,Universidade Federal do Recôncavo da Bahia
21,Genilson Ribeiro de Melo,vinculado,Genilson Ribeiro de Melo,A5122627956,1.0,1.0,6.0,Universidade Federal do Recôncavo da Bahia
21,Genilson Ribeiro de Melo,vinculado,Genilson Ribeiro de Melo,A5133954676,0.0,1.0,3.0,Universidade Federal da Bahia
22,Jerre Cristiano Alves dos Santos,vinculado,J.C.A. Santos,A5072662417,1.0,1.0,34.0,Universidade Federal do Recôncavo da Bahia
22,Jerre Cristiano Alves dos Santos,vinculado,Jerre  C. A. Santos,A5151181064,1.0,1.0,1.0,Universidade Federal do Recôncavo da Bahia
23,Jilvan Lemos de Melo,vinculado,J. Lemos de Melo,A5053231967,1.0,1.0,14.0,Universidade Federal do Recôncavo da Bahia
24,João Cláudio Costa Pereira,vinculado,J.C.C. Pereira,A5074373429,1.0,1.0,1.0,
24,João Cláudio Costa Pereira,rejeitado,João Pereira,A5028459243,1.0,0.0,53.0,
25,Juliano Pereira Campos,vinculado,Juliano P. Campos,A5050653038,1.0,1.0,3.0,Universidade Federal do Recôncavo da Bahia
25,Juliano Pereira Campos,vinculado,Juliano Pereira Campos,A5052701175,0.0,1.0,3.0,
26,Karina Araújo Kodel,vinculado,Karina Araújo Kodel,A5018898603,0.0,1.0,4.0,Universidade Federal de Sergipe
27,Leandro Cerqueira Santos,vinculado,Leandro C. Santos,A5025935001,1.0,1.0,6.0,Universidade Federal do Recôncavo da Bahia
27,Leandro Cerqueira Santos,vinculado,Leandro Cerqueira Santos,A5041298117,0.0,1.0,1.0,
28,Luis Alex Huahuachampi Mamani,vinculado,Luis A. H. Mamani,A5001871482,1.0,1.0,22.0,Universidade Federal do Recôncavo da Bahia
29,Manassés Almeida Gomes,vinculado,Manassés A. Gomes,A5039582737,1.0,1.0,5.0,Universidade Federal do Recôncavo da Bahia
30,Pablo Pedreira Pedra,vinculado,Pablo P. Pedra,A5055089643,1.0,1.0,13.0,Universidade Federal do Recôncavo da Bahia
31,Rogelma Maria da Silva Ferreira,vinculado,Rogelma M. S. Ferreira,A5048877084,1.0,1.0,16.0,Universidade Federal do Recôncavo da Bahia
31,Rogelma Maria da Silva Ferreira,vinculado,Rogelma Maria da Silva Ferreira,A5111463359,0.0,1.0,1.0,
32,Sânzia Alves do Nascimento,vinculado,Sanzia Alves do Nascimento,A5083717934,0.0,1.0,2.0,
33,Cláudia Bloisi Vaz Sampaio,vinculado,Cláudia Bloisi Vaz Sampaio,A5059264959,1.0,1.0,7.0,Universidade Federal do Recôncavo da Bahia
34,Danívio Batista Carvalho de Vasconcellos,vinculado,Danívio Batista Carvalho de Vasconcellos,A5122101932,0.0,1.0,1.0,
35,Euzelina dos Santos Borges Inácio,vinculado,Euzelina dos Santos Borges Inácio,A5065549204,1.0,1.0,20.0,Universidade Federal do Recôncavo da Bahia
36,Fabricio de Jesus Ribeiro,não encontrado,,,,,,
37,Joanito de Andrade Oliveira,vinculado,JOANITO DE ANDRADE OLIVEIRA,A5101342173,1.0,1.0,2.0,Universidade Federal do Recôncavo da Bahia
37,Joanito de Andrade Oliveira,vinculado,Joanito de Andrade Oliveira,A5071956922,0.0,1.0,1.0,
37,Joanito de Andrade Oliveira,vinculado,Joanito De Andrade Oliveira,A5110425333,0.0,1.0,1.0,
37,Joanito de Andrade Oliveira,vinculado,Joanito de Andrade Oliveira,A5153930434,0.0,1.0,1.0,Universidade Federal de Viçosa
37,Joanito de Andrade Oliveira,misto,J. Oliveira,A5113867618,1.0,0.0,8.0,
38,José Ricardo Gonçalves Magalhães,vinculado,José Ricardo Gonçalves Magalhães,A5026421503,1.0,1.0,12.0,
39,José Roberto Fernandes Galindo,vinculado,José Roberto Fernandes Galindo,A5034442291,0.0,1.0,8.0,Universidade Federal de Viçosa
39,José Roberto Fernandes Galindo,vinculado,José Roberto Fernandes Galindo,A5117439080,1.0,1.0,4.0,Universidade Federal do Recôncavo da Bahia
40,Thomas Vincent Gloaguen,vinculado,Thomas Vincent Gloaguen,A5007846416,1.0,1.0,55.0,Universidade Federal do Recôncavo da Bahia
41,Adilson Gomes dos Santos,vinculado,Adilson Gomes dos Santos,A5001425289,1.0,1.0,10.0,Universidade Federal do Recôncavo da Bahia
41,Adilson Gomes dos Santos,vinculado,ADILSON GOMES DOS SANTOS,A5122104620,0.0,1.0,4.0,
42,Adson Mota Rocha,vinculado,Adson Mota Rocha,A5018329723,1.0,1.0,9.0,Universidade Federal do Recôncavo da Bahia
43,Alex Santana dos Santos,vinculado,Alex Santana dos Santos,A5044626490,1.0,1.0,13.0,Universidade Federal da Bahia
44,Anderson Reis da Cruz,vinculado,Anderson Cruz,A5019106913,1.0,0.0,4.0,Universidade Federal do Recôncavo da Bahia
45,Andrêssa Lima de Souza,rejeitado,Andressa Lima de Souza,A5007500838,0.0,1.0,1.0,Universidade Estadual de Feira de Santana
45,Andrêssa Lima de Souza,rejeitado,Andressa de Lima Souza,A5154181894,0.0,1.0,1.0,
46,Antonio Andrade do Espirito Santo,vinculado,Antonio Andrade do Espirito Santo,A5019246660,1.0,1.0,4.0,Universidade Federal do Recôncavo da Bahia
47,Carlos Henrique Felício Poncio,vinculado,Carlos H. F. Poncio,A5075476250,0.0,1.0,2.0,
48,Celso Luiz Borges de Oliveira,vinculado,Celso Luiz Borges de Oliveira,A5081272796,0.0,1.0,2.0,
48,Celso Luiz Borges de Oliveira,rejeitado,Celso de Oliveira,A5065222994,1.0,0.0,36.0,
49,Danilo de Jesus Ferreira,vinculado,Danilo de Jesus Ferreira,A5028891547,0.0,1.0,2.0,
50,Elaine Ferreira Rocha,misto,ELAINE FERREIRA ROCHA,A5083167832,0.0,1.0,5.0,Universidade Federal do Vale do São Francisco
51,Eleazar Gerardo Madriz Lozada,vinculado,Eleazar Madriz Lozada,A5000704089,1.0,0.0,6.0,Universidade Federal do Recôncavo da Bahia
52,Eniel do Espírito Santo,vinculado,Eniel do Espírito Santo,A5031537313,1.0,1.0,97.0,Universidade Federal da Bahia
52,Eniel do Espírito Santo,vinculado,Eniel do Espírito Santo,A5152902693,0.0,1.0,8.0,
52,Eniel do Espírito Santo,vinculado,Eniel do Espírito Santo,A5107012304,1.0,1.0,3.0,Universidade Federal da Bahia
52,Eniel do Espírito Santo,vinculado,Eniel do Espírito Santo,A5122592115,0.0,1.0,3.0,
52,Eniel do Espírito Santo,vinculado,Eniel Espírito do Santo,A5103569339,0.0,1.0,1.0,
52,Eniel do Espírito Santo,vinculado,Eniel do Espírito Santo,A5156688952,0.0,1.0,1.0,
53,Erikson Alexandre Fonseca dos Santos,vinculado,Erikson Alexandre Fonseca dos Santos,A5122524426,0.0,1.0,2.0,
53,Erikson Alexandre Fonseca dos Santos,vinculado,Erikson Alexandre Fonseca dos Santos,A5059809767,0.0,1.0,1.0,
54,Gilberto da Silva Pina,vinculado,Gilberto S. Pina,A5083535739,0.0,1.0,1.0,
54,Gilberto da Silva Pina,vinculado,G. S. Pina,A5129029009,1.0,1.0,1.0,
55,Givanildo Donizeti de Melo,vinculado,Givanildo Donizeti de Melo,A5037819485,1.0,1.0,6.0,
56,João Tiago Assunção Gomes,vinculado,João Tiago Assunção Gomes,A5064143809,1.0,1.0,6.0,Universidade Federal do Recôncavo da Bahia
57,Julianna Pinele Santos Porto,vinculado,Julianna Pinele Santos Porto,A5006694611,0.0,1.0,4.0,
57,Julianna Pinele Santos Porto,vinculado,Julianna P. S. Porto,A5115946795,1.0,1.0,1.0,Universidade Federal do Recôncavo da Bahia
58,Junilson Cerqueira da Silva,vinculado,Junilson Cerqueira da Silva,A5028088401,0.0,1.0,1.0,
59,Lívia Menezes da Paz,vinculado,Lívia Menezes da Paz,A5082558141,1.0,1.0,3.0,
59,Lívia Menezes da Paz,vinculado,Lívia Menezes da Paz,A5115545787,0.0,1.0,1.0,
60,Luiz Alberto de Oliveira Silva,vinculado,Luiz Alberto de Oliveira Silva,A5038074295,0.0,1.0,3.0,
60,Luiz Alberto de Oliveira Silva,vinculado,Luiz Alberto de Oliveira Silva,A5133922865,0.0,1.0,2.0,
60,Luiz Alberto de Oliveira Silva,rejeitado,Luiz Alberto de Oliveira Silva,A5148708676,0.0,1.0,2.0,
61,Maria Amelia de Pinho Barbosa Hohlenwerger,vinculado,Maria A. P. Hohlenwerger,A5016370991,1.0,0.0,6.0,
62,Mariese Conceição Alves dos Santos,vinculado,Mariese Conceição Alves dos Santos,A5103447676,1.0,1.0,6.0,Universidade Federal do Recôncavo da Bahia
62,Mariese Conceição Alves dos Santos,vinculado,Mariese Conceição Alves dos Santos,A5122496556,0.0,1.0,2.0,
63,Marília Conceição de Souza Caceres,vinculado,Marília Conceição de Souza Caceres,A5082050929,1.0,1.0,3.0,Universidade Federal do Recôncavo da Bahia
64,Nayane Carvalho Freitas,vinculado,Nayane Carvalho Freitas,A5018567303,1.0,1.0,7.0,
65,Paulo Henrique Ribeiro do Nascimento,vinculado,Paulo Henrique Ribeiro do Nascimento,A5126472197,1.0,1.0,2.0,
66,Pollyane Vieira da Silva,vinculado,Pollyane Vieira da Silva,A5038012324,1.0,1.0,27.0,Universidade Federal do Recôncavo da Bahia
66,Pollyane Vieira da Silva,vinculado,Pollyane Vieira da Silva,A5122596188,0.0,1.0,3.0,
67,Rodrigo Aguiar von Flach,vinculado,Rodrigo A. von Flach,A5059354851,1.0,1.0,6.0,Universidade Federal do Recôncavo da Bahia
68,Sandra Maria Conceição Pinheiro,vinculado,Sandra Maria Conceição Pinheiro,A5023802994,1.0,1.0,25.0,Universidade Federal da Bahia
68,Sandra Maria Conceição Pinheiro,vinculado,Sandra Maria Conceição Pinheiro,A5120377154,0.0,1.0,2.0,Universidade Federal de Lavras
69,Sílvia Patrícia Barreto Santana,vinculado,Silvia Patrícia Barreto Santana,A5007850086,1.0,1.0,2.0,Universidade Federal da Bahia
70,André Dias de Azevedo Neto,vinculado,André Dias de Azevedo Neto,A5010258029,1.0,1.0,74.0,Universidade Federal do Recôncavo da Bahia
70,André Dias de Azevedo Neto,vinculado,Andre Dias Azevedo Neto,A5003878374,1.0,1.0,2.0,Universidade Federal do Recôncavo da Bahia
70,André Dias de Azevedo Neto,vinculado,André Dias de Azevedo Neto,A5122641962,0.0,1.0,2.0,
70,André Dias de Azevedo Neto,vinculado,André D Azevedo Neto,A5139145844,1.0,1.0,2.0,Universidade Federal de Minas Gerais
70,André Dias de Azevedo Neto,vinculado,André de Azevedo Neto,A5103579083,1.0,0.0,1.0,Universidade Federal do Recôncavo da Bahia
70,André Dias de Azevedo Neto,vinculado,André Dias de Azevedo Neto,A5141570819,0.0,1.0,1.0,
71,Andréia da Silva Magaton,vinculado,Andréia S. Magaton,A5007344089,1.0,1.0,7.0,Universidade Federal do Recôncavo da Bahia
71,Andréia da Silva Magaton,vinculado,Andréia da Silva Magaton,A5042335506,0.0,1.0,3.0,
71,Andréia da Silva Magaton,vinculado,Andréia da Silva Magaton,A5122608880,0.0,1.0,1.0,
72,Antônio Augusto Oliveira Fonseca,vinculado,Antônio Augusto Oliveira Fonseca,A5035647357,1.0,1.0,21.0,Universidade Federal do Recôncavo da Bahia
72,Antônio Augusto Oliveira Fonseca,vinculado,Antonio Augusto de Oliveira Fonseca,A5085210700,1.0,1.0,4.0,Universidade Federal do Recôncavo da Bahia
72,Antônio Augusto Oliveira Fonseca,vinculado,Antônio Augusto Oliveira Fonseca,A5153741467,0.0,1.0,1.0,
73,Carlos Borges Filho,vinculado,Carlos Borges Filho,A5050065227,1.0,1.0,37.0,Universidade Federal do Recôncavo da Bahia
73,Carlos Borges Filho,vinculado,Carlos Borges Filho,A5121073518,1.0,1.0,5.0,Universidade Federal do Recôncavo da Bahia
73,Carlos Borges Filho,vinculado,Carlos Filho Borges,A5060515185,0.0,1.0,1.0,
74,Clarivaldo Santos de Sousa,vinculado,Clarivaldo Santos de Sousa,A5007214317,0.0,1.0,5.0,
74,Clarivaldo Santos de Sousa,vinculado,Clarivaldo Santos de Sousa,A5122675303,0.0,1.0,3.0,
75,Daniele de Vasconcellos Santos Batista,vinculado,Daniele de Vasconcellos Santos Batista,A5044250053,1.0,1.0,6.0,Universidade Federal do Recôncavo da Bahia
76,Francisco de Souza Fadigas,vinculado,Francisco de Souza Fadigas,A5014073810,1.0,1.0,29.0,
76,Francisco de Souza Fadigas,vinculado,Francisco de Souza Fadigas,A5122706847,0.0,1.0,4.0,
76,Francisco de Souza Fadigas,vinculado,Francisco Souza Fadigas,A5056839325,1.0,1.0,3.0,
76,Francisco de Souza Fadigas,vinculado,Francisco de Souza Fadigas,A5120663256,0.0,1.0,2.0,
77,Gabriela Lúcia Pinheiro,vinculado,Gabriela Lúcia Pinheiro,A5072190815,0.0,1.0,13.0,
78,Gilmara Fernandes Eça,vinculado,Gilmara Fernandes Eça,A5045798387,1.0,1.0,21.0,Universidade Federal do Recôncavo da Bahia
79,Manuela Oliveira de Souza,vinculado,Manuela Oliveira de Souza,A5051386359,1.0,1.0,18.0,Universidade Federal do Recôncavo da Bahia
79,Manuela Oliveira de Souza,vinculado,Manuela Oliveira de Souza,A5155390927,0.0,1.0,1.0,
80,Márcia Luciana Cazetta,vinculado,Márcia Luciana Cazetta,A5076174466,1.0,1.0,39.0,Universidade Federal do Recôncavo da Bahia
81,Sivanildo da Silva Borges,vinculado,Sivanildo S. Borges,A5027306265,1.0,1.0,11.0,Universidade Federal do Recôncavo da Bahia
81,Sivanildo da Silva Borges,vinculado,Sivanildo da Silva Borges,A5012183279,1.0,1.0,6.0,Universidade Federal do Recôncavo da Bahia
81,Sivanildo da Silva Borges,vinculado,Sivanildo da Silva Borges,A5122548007,0.0,1.0,2.0,
82,Vinicius Santos Da Silva,vinculado,Vinícius Santos da Silva,A5014238939,1.0,1.0,27.0,Universidade Federal do Recôncavo da Bahia
82,Vinicius Santos Da Silva,rejeitado,Vinicius da Silva,A5014017307,0.0,0.0,4.0,Instituto Superior da Maia
83,Adriano Humberto de Oliveira Maia,vinculado,Adriano Maia,A5086166845,0.0,0.0,7.0,
83,Adriano Humberto de Oliveira Maia,vinculado,Adriano Humberto de Oliveira Maia,A5122689762,0.0,1.0,1.0,
84,Acbal Rucas Andrade Achy,vinculado,Acbal Rucas Andrade Achy,A5006223771,1.0,1.0,30.0,Universidade Federal do Recôncavo da Bahia
85,Basílio Fernandez Fernandez,vinculado,Basílio Fernandez Fernandez,A5069998616,0.0,1.0,7.0,Universidade Estadual de Feira de Santana
85,Basílio Fernandez Fernandez,vinculado,B.F. Fernandez,A5082597243,0.0,1.0,3.0,
85,Basílio Fernandez Fernandez,rejeitado,Basilio Fernández,A5084259267,0.0,0.0,2.0,
85,Basílio Fernandez Fernandez,rejeitado,Basilio Fernandez,A5108363179,0.0,0.0,1.0,
85,Basílio Fernandez Fernandez,rejeitado,Basilio Fernández,A5155972266,0.0,0.0,1.0,
86,Caio Marco dos Santos Junqueira,vinculado,Caio Marco dos Santos Junqueira,A5024942023,1.0,1.0,17.0,
86,Caio Marco dos Santos Junqueira,vinculado,Caio Marco dos Santos Junqueira,A5155982816,1.0,1.0,4.0,Universidade Federal do Recôncavo da Bahia
87,Camila Bezerra da Silva,vinculado,Camila Bezerra da Silva,A5033062638,1.0,1.0,8.0,Universidade Federal do Recôncavo da Bahia
88,Carolina Moreno Salcedo,vinculado,Carolina Moreno Salcedo,A5073365577,0.0,1.0,2.0,Universidade Federal da Bahia
89,Gildeberto de Souza Cardoso,vinculado,Gildeberto S. Cardoso,A5087277491,1.0,1.0,10.0,Universidade Federal do Recôncavo da Bahia
90,Guilherme Braga Araújo,vinculado,Guilherme B. Araújo,A5001176438,1.0,1.0,13.0,Universidade Federal da Bahia
91,Igor Dantas dos Santos Miranda,vinculado,Igor D. S. Miranda,A5012861662,1.0,1.0,27.0,Universidade Federal do Recôncavo da Bahia
91,Igor Dantas dos Santos Miranda,vinculado,Igor Dantas dos Santos Miranda,A5101182269,1.0,1.0,8.0,Universidade Federal do Recôncavo da Bahia
92,João Carlos Nunes Bittencourt,vinculado,João Carlos N. Bittencourt,A5040609024,1.0,1.0,48.0,Universidade Federal do Recôncavo da Bahia
92,João Carlos Nunes Bittencourt,vinculado,João Carlos N. Bittencourt,A5140773374,1.0,1.0,3.0,Universidade Federal do Recôncavo da Bahia
93,Joaquim Jorge Martins Galo,vinculado,Joaquim J.M. Galo,A5010823950,0.0,1.0,7.0,Universidade Federal da Bahia
94,José Hidalgo Suárez,não encontrado,,,,,,
95,José Valentim dos Santos Filho,vinculado,José Valentim dos Santos Filho,A5153547724,1.0,1.0,2.0,Universidade Federal do Recôncavo da Bahia
96,Leonardo da Silva Lessa,vinculado,Leonardo Lessa,A5068242787,1.0,0.0,31.0,Universidade Federal do Recôncavo da Bahia
97,Luan Aleixo Canário Mendonça,vinculado,Luan A. C. Mendonça,A5004868645,0.0,1.0,13.0,Universidade Federal da Bahia
98,Luiz Carlos Simões Soares Júnior,vinculado,Luiz Carlos Simões Soares Júnior,A5075727864,1.0,1.0,13.0,Universidade Federal da Bahia
98,Luiz Carlos Simões Soares Júnior,vinculado,Luiz Carlos Soares,A5089712801,1.0,0.0,4.0,Universidade Federal do Recôncavo da Bahia
98,Luiz Carlos Simões Soares Júnior,vinculado,Luiz Carlos Simões Soares,A5140976178,1.0,1.0,1.0,Universidade Federal do Recôncavo da Bahia
99,Moisés Araújo Oliveira,vinculado,Moisés Araujo Oliveira,A5109749422,0.0,1.0,5.0,
100,Nilton Cardoso da Silva,vinculado,Nilton Cardoso Da Silva,A5054222059,0.0,1.0,2.0,Universidade Estadual Paulista (Unesp)
101,Paulo Fábio Figueiredo Rocha,vinculado,Paulo Fábio F. Rocha,A5016561863,1.0,1.0,6.0,Universidade Federal do Recôncavo da Bahia
101,Paulo Fábio Figueiredo Rocha,vinculado,PAULO Fábio Figueiredo Rocha,A5090557502,1.0,1.0,3.0,Universidade Federal de Minas Gerais
102,Talison Augusto Correia de Melo,vinculado,T. A. C. Melo,A5048857941,0.0,1.0,11.0,Universidade Federal da Bahia
103,Tassio Ferreira Valle,vinculado,Tassio Ferreira Vale,A5073246165,1.0,1.0,19.0,
104,Tiago Palma Pagano,vinculado,Tiago Palma Pagano,A5051842648,1.0,1.0,15.0,Universidade Federal do Recôncavo da Bahia
105,Abdon Tapia Tadeo,vinculado,Abdon Tapia Tadeo,A5069063205,1.0,1.0,5.0,Universidade Federal do Recôncavo da Bahia
106,Carlos Alberto Tosta Machado,vinculado,Carlos Alberto Tosta Machado,A5102713172,0.0,1.0,13.0,Serviço Nacional de Aprendizagem Industrial
106,Carlos Alberto Tosta Machado,vinculado,Carlos Alberto Tosta Machado,A5102493832,0.0,1.0,2.0,
107,Carlos Marlon Silva Santos,vinculado,Carlos Marlon Silva Santos,A5063611798,1.0,1.0,7.0,Universidade Federal do Recôncavo da Bahia
108,Edilberto Andrade Silva,não encontrado,,,,,,
109,Felipe Andrade Torres,vinculado,Felipe Andrade Torres,A5075134622,1.0,1.0,38.0,Universidade Federal da Bahia
109,Felipe Andrade Torres,vinculado,Felipe Andrade Torres,A5100784378,1.0,1.0,7.0,Universidade Federal do Recôncavo da Bahia
110,Gilmar Emanoel Silva de Oliveira,vinculado,GILMAR EMANOEL SILVA DE OLIVEIRA,A5035750744,1.0,1.0,11.0,Universidade Federal do Recôncavo da Bahia
111,Ivanoé João Rodowanski,vinculado,Ivanoé J. Rodowanski,A5104971909,1.0,1.0,6.0,Universidade Federal do Recôncavo da Bahia
111,Ivanoé João Rodowanski,vinculado,Ivanoé João Rodowanski,A5012285972,1.0,1.0,5.0,Universidade Federal do Recôncavo da Bahia
112,Janailson Oliveira Cavalcanti,vinculado,Janailson Oliveira CAVALCANTI,A5096791327,0.0,1.0,2.0,Universidade Federal de Pernambuco
113,Jânia Betânia Alves da Silva,vinculado,Jania Betânia Alves da Silva,A5017449146,1.0,1.0,55.0,Universidade Federal da Bahia
113,Jânia Betânia Alves da Silva,vinculado,Jania B. da Silva,A5103375383,1.0,0.0,1.0,Universidade Federal do Recôncavo da Bahia
114,Leonardo Rafael Teixeira Cotrim Gomes,vinculado,Leonardo Rafael Teixeira Cotrim Gomes,A5073564999,1.0,1.0,8.0,Universidade Federal do Recôncavo da Bahia
115,Marcus Vinícius Ivo da Silva,vinculado,Marcus Vinícius Ivo da Silva,A5011791268,0.0,1.0,4.0,
115,Marcus Vinícius Ivo da Silva,vinculado,Marcus Vinícius Ivo da Silva,A5004549162,1.0,1.0,2.0,Universidade Federal do Recôncavo da Bahia
115,Marcus Vinícius Ivo da Silva,vinculado,Marcus Vinicius Ivo da Silva,A5075706626,1.0,1.0,1.0,Universidade Federal do Recôncavo da Bahia
115,Marcus Vinícius Ivo da Silva,vinculado,Marcus Vinícius Ivo da Silva,A5149512281,0.0,1.0,1.0,
116,Vânio Vicente Santos de Souza,vinculado,Vanio Vicente Santos de Souza,A5118271796,1.0,1.0,1.0,Universidade Federal do Recôncavo da Bahia
117,Alessandra Cristina Silva Valentim,vinculado,Alessandra Cristina Silva Valentim,A5000580434,1.0,1.0,10.0,Universidade Federal do Recôncavo da Bahia
117,Alessandra Cristina Silva Valentim,vinculado,Alessandra Cristina Silva Valentim,A5156588476,0.0,1.0,1.0,
117,Alessandra Cristina Silva Valentim,vinculado,Alessandra Valentim,A5156718120,1.0,0.0,1.0,Universidade Federal do Recôncavo da Bahia
117,Alessandra Cristina Silva Valentim,vinculado,Alessandra Cristina Silva Valentim,A5156775569,0.0,1.0,1.0,
118,Anaxsandra da Costa Lima Duarte,vinculado,Anaxsandra da Costa Lima Duarte,A5029668088,1.0,1.0,7.0,Universidade Estadual de Feira de Santana
118,Anaxsandra da Costa Lima Duarte,vinculado,Anaxsandra C. L. Duarte,A5029591614,1.0,1.0,3.0,Universidade Federal do Recôncavo da Bahia
118,Anaxsandra da Costa Lima Duarte,vinculado,Anaxsandra Duarte,A5156770498,1.0,0.0,1.0,Universidade Federal do Recôncavo da Bahia
119,Camila Angélica Baum,vinculado,Camila Angélica Baum,A5006741519,0.0,1.0,28.0,Universidade Federal do Rio Grande do Sul
120,Cássia Juliana Fernandes Torres,vinculado,Cássia Juliana Fernandes Torres,A5050538320,0.0,1.0,12.0,
121,Diego Lima Medeiros,vinculado,Diego Lima Medeiros,A5031674437,1.0,1.0,62.0,Universidade Federal do Recôncavo da Bahia
121,Diego Lima Medeiros,vinculado,Diego (2) Lima Medeiros,A5137870693,0.0,1.0,2.0,Universidade Federal do Maranhão
122,Gabriella Laura Peixoto Botelho,vinculado,Gabriella Laura Peixoto Botelho,A5073466895,1.0,1.0,13.0,
122,Gabriella Laura Peixoto Botelho,vinculado,Gabriella Laura Peixoto Botelho,A5122657292,0.0,1.0,1.0,
123,Heber Christiane Antunes Franca,não encontrado,,,,,,
124,Jaildo Santos Pereira,vinculado,Jaildo Santos Pereira,A5073987316,1.0,1.0,16.0,Universidade Federal do Recôncavo da Bahia
125,Lidiane Mendes Kruschewsky Lordelo,vinculado,Lidiane Mendes Kruschewsky Lordelo,A5047947132,1.0,1.0,13.0,Universidade Federal do Recôncavo da Bahia
126,Roberta Alessandra Bruschi Goncalves Gloaguen,vinculado,Roberta Alessandra Bruschi Gonçalves Gloaguen,A5122540041,0.0,1.0,1.0,
127,Rosa Alencar Santana de Almeida,vinculado,Rosa Alencar Santana de Almeida,A5002836463,1.0,1.0,22.0,Universidade Federal do Recôncavo da Bahia
127,Rosa Alencar Santana de Almeida,vinculado,ROSA ALENCAR SANTANA DE ALMEIDA,A5122023969,1.0,1.0,1.0,Universidade Federal do Recôncavo da Bahia
128,Selma Cristina da Silva,vinculado,Selma Cristina da Silva,A5012710225,1.0,1.0,21.0,
128,Selma Cristina da Silva,vinculado,Selma Cristina da Silva,A5129354873,0.0,1.0,8.0,
128,Selma Cristina da Silva,vinculado,Selma Cristina Silva,A5113948478,1.0,1.0,6.0,Universidade Federal da Bahia
128,Selma Cristina da Silva,vinculado,Selma C. da Silva,A5042326544,1.0,1.0,1.0,Universidade Federal do Recôncavo da Bahia
128,Selma Cristina da Silva,vinculado,Selma Cristina da Silva,A5122223530,0.0,1.0,1.0,
128,Selma Cristina da Silva,rejeitado,S Silva,A5044186763,0.0,0.0,7.0,Mexican Social Security Institute
128,Selma Cristina da Silva,rejeitado,Selma Cristina da Silva,A5122118650,0.0,1.0,2.0,
128,Selma Cristina da Silva,rejeitado,Selma Cristina da Silva,A5060468308,0.0,1.0,1.0,
129,Aline de Oliveira Moreira,rejeitado,Aline de Oliveira Moreira,A5082271514,0.0,1.0,4.0,
130,Filipe Luigi Dantas Lima Santos,vinculado,Filipe Luigi Dantas Lima Santos,A5049437243,0.0,1.0,10.0,
131,Flávio Silva Santos,vinculado,Flávio Silva Santos,A5074422924,0.0,1.0,2.0,Universidade Federal da Bahia
132,Gislana Santana Machado,vinculado,Gislana Santana Machado,A5074809588,0.0,1.0,3.0,Serviço Nacional de Aprendizagem Industrial
133,Inacio Oliveira Borges,vinculado,Inácio Oliveira Borges,A5129026272,0.0,1.0,1.0,Universidade Salvador
134,Silvio de Cerqueira Mazza,vinculado,Sílvio de Cerqueira Mazza,A5044685289,0.0,1.0,2.0,Instituto Federal da Bahia
135,Thamara Vier Vieira,vinculado,Thamara Vier Vieira,A5024873041,0.0,1.0,2.0,
136,Tassio Gabriel Ribeiro Lopes,vinculado,Tássio Gabriel Ribeiro Lopes,A5015877707,0.0,1.0,2.0,
